sqft_living,bedrooms,bathrooms,age,price
858,1,2,36,91631
2844,5,4,46,313625
2498,3,2,44,238747
1872,3,3,8,173441
1855,2,1,49,99147
3089,4,3,32,307479
849,2,1,19,79626
2622,4,2,30,272245
1184,1,2,58,113269
873,2,1,51,80796
2126,3,2,50,218083
3429,5,3,27,353550
2733,4,2,47,274392
2807,4,2,23,261443
2680,4,2,41,255410
2879,4,3,38,291239
2088,2,2,14,222553
971,1,1,15,81336
3035,4,2,3,320329
1906,3,3,8,204834
2051,2,2,26,190141
1675,2,2,28,182738
1129,2,2,9,77993
3287,4,3,25,293048
2866,5,3,36,261225
2467,3,2,13,186520
1767,3,3,20,177403
2986,5,4,22,342616
2181,4,2,30,218358
1885,2,2,21,187245
1906,2,1,44,190710
1258,2,2,19,166332
867,1,2,26,84632
2208,4,2,22,265480
3174,4,2,10,317223
785,2,1,41,54365
3089,5,4,14,321260
3000,4,3,17,269487
1402,2,1,47,99457
2431,4,2,56,223530
1079,1,2,40,116410
2798,4,2,54,305859
2631,3,2,51,204425
1628,3,2,28,180061
796,2,2,46,56666
3415,4,3,19,350567
1892,3,2,27,188583
3190,4,3,32,268427
2565,4,3,57,274907
2857,4,2,50,254435
2803,4,3,29,271392
1164,1,2,39,76876
1655,2,1,12,143043
1953,2,1,48,175937
2043,3,3,33,205209
727,1,2,31,80877
2185,4,2,45,227348
1047,1,2,37,128277
2755,3,3,4,272830
2580,4,2,17,226979
3275,5,4,10,379681
2759,3,2,44,244433
1663,2,2,2,201905
3405,5,3,12,362984
1791,3,2,35,176502
1544,3,3,41,174739
3226,4,2,30,357855
1674,2,2,51,202345
821,2,1,55,72915
1961,3,3,7,220385
2907,4,3,57,305966
1149,1,2,36,82778
1942,2,1,38,177687
976,2,1,5,107933
2590,3,3,37,259548
1979,2,2,43,157986
1557,2,2,34,109821
1258,2,1,5,79315
2237,3,3,31,198525
2542,3,2,56,217893
3326,4,2,43,303250
1867,2,2,8,235791
1065,2,1,57,117350
3014,4,3,57,263568
2426,3,2,10,251773
2630,4,2,48,242223
881,1,1,24,72371
1505,3,3,35,170533
2826,5,4,26,324559
3013,4,3,46,284559
1862,3,3,59,209056
2933,4,3,47,257592
3040,5,4,55,311858
1723,2,2,56,216782
3204,5,3,5,346397
1436,3,2,15,197210
1294,2,1,43,117308
2579,3,2,35,257339
2446,3,3,3,255760
1005,1,1,5,94640
3014,4,2,31,272133
1179,2,2,36,129078
2934,4,3,10,283432
621,1,2,10,91320
2910,5,3,7,343432
2882,4,2,33,289223
2863,4,3,0,296884
2528,4,2,34,262589
1967,2,1,28,168643
2644,3,2,27,275409
1403,3,3,40,109455
2864,5,4,31,301230
2211,3,3,43,168610
1930,2,2,45,136523
2066,2,2,55,213877
2249,4,2,47,244800
708,2,2,31,65153
1005,2,1,29,61337
1311,2,1,14,56767
932,2,2,35,85473
1874,2,1,8,239430
2538,3,2,55,240412
2497,4,2,50,226771
1966,3,3,7,228407
3079,5,3,47,270796
2239,3,2,7,222187
829,1,2,43,77307
2818,4,2,5,286787
2266,3,3,29,249550
2440,4,3,39,259316
2239,4,3,43,249328
2205,3,2,25,200691
862,1,1,55,84905
2221,4,2,46,261403
2905,4,3,12,277146
1481,3,2,40,130288
2348,4,2,43,265735
689,1,1,20,61336
1607,2,2,44,183656
1866,3,2,53,165717
3449,5,4,49,383796
1222,1,1,45,99547
1401,3,2,38,153536
1784,3,2,16,227838
3478,5,4,47,341696
3074,4,2,21,277892
700,2,1,31,62286
1278,2,2,18,146548
2982,4,3,18,265416
769,1,2,9,102957
3081,5,4,57,300511
1416,2,1,8,170975
3261,4,3,5,273523
1451,2,1,56,101416
1859,3,3,33,153058
2519,4,3,26,242864
966,1,2,44,91472
2215,4,3,22,236719
2064,2,2,7,197286
2873,5,4,43,300360
3488,5,4,10,375125
2526,4,2,33,226367
1786,2,1,56,165551
1778,3,2,56,184807
1812,2,2,21,186086
2960,5,3,46,314713
1531,2,1,36,144890
1084,1,1,28,144597
1569,2,2,8,161343
665,1,2,22,64523
907,1,2,39,64222
861,2,1,59,46573
2837,4,2,0,261848
2694,3,2,43,225800
2620,4,2,50,248833
1939,2,1,57,167977
2679,4,3,25,278099
1067,2,2,7,104722
3211,4,3,16,346385
2053,2,1,51,190225
3320,4,2,52,301609
1041,2,2,38,89957
2042,3,2,7,227571
2619,3,2,7,264719
2037,2,1,28,145757
1893,2,2,35,174240
1082,1,2,1,122611
1704,3,2,41,147328
1292,2,2,32,134106
1474,2,2,0,123549
2582,4,3,5,312465
2427,3,3,27,274859
2360,3,2,43,214987
1649,3,3,49,179506
3383,5,3,25,284892
854,2,2,17,72911
1593,2,2,58,133096
942,1,2,27,65057
1582,2,2,18,177420
3389,4,3,26,383052
